district_name,ref_district_id,state_name,ref_state_id,cattle,buffalo,sheep,goat,horse,pony,mule,donkey,camel,pig,Total_poultry
Nicobars,638,Andaman And Nicobar Islands,35,2004,49,0,8884,0,0,0,0,0,30266,82702
North And Middle Andaman,639,Andaman And Nicobar Islands,35,15718,2617,0,27664,0,0,0,2,0,4956,493083
South Andamans,640,Andaman And Nicobar Islands,35,18716,1034,5,28213,0,0,0,0,0,5266,713375
Srikakulam,542,Andhra Pradesh,28,571943,48481,738910,335684,10,0,102,0,0,3092,2075366
Vizianagaram,543,Andhra Pradesh,28,490989,135858,540336,271205,36,367,0,196,0,5548,5492310
Visakhapatanam,544,Andhra Pradesh,28,648743,318846,371430,435620,542,56,13,8,1,5278,5960859
East Godavari,545,Andhra Pradesh,28,396021,585246,316480,318696,52,24,1,10,0,18646,28117464
West Godavari,546,Andhra Pradesh,28,201102,627909,478551,207067,31,38,9,11,2,7459,18274444
Krishna,547,Andhra Pradesh,28,78846,669773,593007,196986,20,0,0,1,0,7361,15783526
Guntur,548,Andhra Pradesh,28,95927,882347,704863,196153,91,6,1,70,9,4128,8538782
Prakasam,549,Andhra Pradesh,28,68309,926651,2033479,498472,15,0,0,85,0,5676,1327666
Spsr Nellore,550,Andhra Pradesh,28,107858,745829,1370812,453820,15,1,1,35,71,3785,2149482
Y.S.R.,551,Andhra Pradesh,28,137099,486581,1869861,578607,63,1,0,101,0,3625,1853797
Kurnool,552,Andhra Pradesh,28,356122,419855,1985957,610574,188,32,53,853,0,11482,1288204
Anantapur,553,Andhra Pradesh,28,497102,285443,4926587,884186,239,20,60,3204,62,12767,2523575
Chittoor,554,Andhra Pradesh,28,950026,86680,1696698,535063,37,0,0,104,21,3111,14477677
Tawang,245,Arunachal Pradesh,12,17362,2,3195,1895,31,1285,0,0,0,2607,17916
West Kameng,246,Arunachal Pradesh,12,15215,11,2001,5764,95,1354,0,0,0,3028,30797
East Kameng,247,Arunachal Pradesh,12,24749,64,8,16071,6,0,0,0,0,26376,167698
Papum Pare,248,Arunachal Pradesh,12,28890,1631,48,14844,0,0,0,0,0,20080,171771
Upper Subansiri,249,Arunachal Pradesh,12,15813,580,86,11903,0,0,0,0,0,25734,77884
West Siang,250,Arunachal Pradesh,12,11568,0,56,5070,1,149,0,0,0,13148,57314
East Siang,251,Arunachal Pradesh,12,35946,272,0,11881,0,3,0,0,0,24724,111823
Upper Siang,252,Arunachal Pradesh,12,7220,0,9,3198,0,0,0,0,0,16545,101358
Changlang,253,Arunachal Pradesh,12,26569,849,875,13129,1,63,0,0,0,14216,127426
Tirap,254,Arunachal Pradesh,12,2143,0,2,3378,0,0,0,0,0,5272,33373
Lower Subansiri,255,Arunachal Pradesh,12,38175,76,334,12113,4,0,0,0,0,24520,144371
Kurung Kumey,256,Arunachal Pradesh,12,1637,0,3,4817,0,0,0,0,0,18688,89550
Dibang Valley,257,Arunachal Pradesh,12,211,0,0,982,0,4,0,0,0,2449,23073
Lower Dibang Valley,258,Arunachal Pradesh,12,14524,1367,0,5772,0,0,0,0,0,8570,92078
Lohit,259,Arunachal Pradesh,12,66448,1466,10,30881,3,52,0,0,0,21764,158630
Anjaw,260,Arunachal Pradesh,12,1360,0,0,961,0,0,0,0,0,5109,14655
Longding,675,Arunachal Pradesh,12,2802,0,0,809,0,0,0,0,0,3977,11065
NAMSAI,700,Arunachal Pradesh,12,8344,61,0,3258,0,0,0,0,0,3728,33097
Kra Daadi,707,Arunachal Pradesh,12,9503,0,718,11146,0,0,0,0,0,16701,83276
SIANG,708,Arunachal Pradesh,12,10742,0,0,1868,0,0,0,0,0,14227,52420
Barpeta,833,Assam,18,482515,20629,51906,177709,1768,547,60,195,65,11276,3097705
BONGAIGAON,834,Assam,18,256952,1240,11557,107460,237,75,2,0,3,11217,1203076
Cachar,835,Assam,18,354843,50447,27098,139390,212,6,1,21,3,17830,1257160
DHEMAJI,836,Assam,18,526980,16654,2284,115091,401,50,0,1,0,232517,2023598
DHUBRI,837,Assam,18,356057,12427,32292,129714,725,27,0,18,0,1942,1426853
Dibrugarh,838,Assam,18,340624,12533,418,202377,23,14,0,5,0,111522,2057567
Goalpara,839,Assam,18,333621,8531,23191,102978,782,1,0,20,0,49598,1885216
Golaghat,840,Assam,18,611453,30549,2981,198300,826,6,26,8,14,118500,2600339
Hailakandi,841,Assam,18,132228,19215,9173,53181,89,44,0,18,5,2561,773556
Jorhat,842,Assam,18,432395,21097,610,173798,19,18,0,0,4,101073,2035327
Kamrup,843,Assam,18,499937,7076,17667,191743,1365,45,6,27,3,79230,1831405
Karbi Anglong,844,Assam,18,255056,3884,286,279632,15,1,0,0,0,188380,1398605
Karimganj,845,Assam,18,279167,27530,23544,80664,163,22,4,133,10,4054,1280905
Kokrajhar,846,Assam,18,333591,7833,14222,145530,221,72,3,10,1,105271,1146890
Lakhimpur,847,Assam,18,629028,11666,659,202071,113,0,0,5,0,195875,1916948
Morigaon,848,Assam,18,355479,4317,8435,82247,357,29,0,1,0,31322,1367583
Nagaon,849,Assam,18,626451,16304,18661,169825,1346,52,18,8,18,51182,2921646
Nalbari,850,Assam,18,250211,5814,15809,169294,351,2,0,0,0,15518,1098023
Dima Hasao,851,Assam,18,22576,34068,528,30702,10,616,0,22,7,34522,397436
Sibsagar,852,Assam,18,266031,14829,305,103976,51,3,34,2,1,64021,1293545
Sonitpur,853,Assam,18,513984,7162,2992,250708,36,6,4,7,0,76770,1996112
Tinsukia,854,Assam,18,382530,9747,118,154013,26,10,32,2,218,57396,1826842
Chirang,855,Assam,18,207668,1745,1468,62508,29,2,1,0,0,55800,734235
BAKSA,856,Assam,18,364106,813,5208,179978,34,0,0,0,6,81872,1241620
Udalguri,857,Assam,18,383132,2717,2084,131491,61,17,0,64,208,99245,1537621
Kamrup (M),858,Assam,18,120252,953,546,44614,27,14,18,2,0,28351,250531
Biswanath,859,Assam,18,362264,13108,6426,145186,264,92,515,28,0,92600,1025334
Majuli,860,Assam,18,123762,6245,69,20342,98,18,0,0,0,34345,165631
South Salmara,861,Assam,18,141918,4548,14993,61853,210,0,0,2,0,437,1022372
Soraideu,862,Assam,18,88609,916,9,47553,3,0,0,0,0,32694,645446
Hojai,863,Assam,18,298794,1221,1419,70814,123,0,0,8,0,7345,1153734
West Karbi Anglong,864,Assam,18,119599,8827,54,128552,1,0,0,0,0,83069,689126
DARRANG,865,Assam,18,457426,37070,35088,161879,877,131,0,293,1,21665,1410354
Pashchim Champaran,203,Bihar,10,411203,272643,1422,705184,491,177,0,18,0,9040,418559
Purbi Champaran,204,Bihar,10,403669,372782,1363,892014,846,1227,9,53,1,10407,962075
Sheohar,205,Bihar,10,40976,61812,124,185541,103,1,0,7,0,1022,181236
Sitamarhi,206,Bihar,10,179185,381261,272,654395,1079,784,10,229,12,5758,389471
Madhubani,207,Bihar,10,588709,489306,1855,416135,138,25,0,22,0,6987,270389
Supaul,208,Bihar,10,640781,326333,1403,365099,326,29,15,107,0,6578,260701
Araria,209,Bihar,10,746965,214461,281,445383,494,27,336,30,0,3515,754883
Kishanganj,210,Bihar,10,587175,60930,493,355735,79,36,3,79,0,8796,1181509
Purnia,211,Bihar,10,816498,242665,245,646481,544,0,6,10,0,9976,1248908
Katihar,212,Bihar,10,723503,95745,2274,601549,372,68,126,361,0,7758,792656
Madhepura,213,Bihar,10,472771,240327,2678,550897,1010,0,1,11,0,5665,154771
Saharsa,214,Bihar,10,429494,206350,445,367647,1773,1,4,25,0,5372,89988
Darbhanga,215,Bihar,10,331723,328915,221,328802,562,396,21,119,0,4791,353147
Muzaffarpur,216,Bihar,10,425801,296568,1518,696340,433,40,10,50,4,3389,887235
Gopalganj,217,Bihar,10,247247,94141,791,257811,343,140,23,366,4,3572,840655
Siwan,218,Bihar,10,357680,175200,1459,188389,396,75,94,496,3,4377,590331
Saran,219,Bihar,10,423418,194841,7283,228327,1333,139,19,580,11,6747,351056
Vaishali,220,Bihar,10,272893,160662,2790,392611,339,0,6,23,23,2281,641495
Samastipur,221,Bihar,10,529775,193457,2178,488063,420,2,0,60,0,2818,597047
Begusarai,222,Bihar,10,456975,86408,215,213315,1023,1,6,23,3,1716,203960
Khagaria,223,Bihar,10,297675,94059,194,275780,4263,0,0,11,0,3136,79844
Bhagalpur,224,Bihar,10,636551,249668,1394,476581,2568,163,87,522,0,4136,270710
Banka,225,Bihar,10,719136,112126,8823,452364,359,9,20,2,0,26384,225931
Munger,226,Bihar,10,202078,43189,2761,218816,1395,12,0,4,0,2332,79032
Lakhisarai,227,Bihar,10,139570,56853,220,103711,1108,9,0,4,1,1290,118634
Sheikhpura,228,Bihar,10,83361,56508,1512,75397,91,4,3,16,6,3270,91949
Nalanda,229,Bihar,10,210772,279860,9636,153042,393,81,0,44,0,12007,684687
Patna,230,Bihar,10,452997,325831,9836,191314,867,16,3,134,10,22000,398922
Bhojpur,231,Bihar,10,275739,260590,17945,116417,1639,101,191,1621,7,17224,342402
Buxar,232,Bihar,10,203086,171747,14117,54044,854,117,162,1496,1,3656,124386
Kaimur (Bhabua),233,Bihar,10,244393,242604,42114,111876,615,84,156,1530,0,4207,244217
Rohtas,234,Bihar,10,347549,335397,24039,193234,526,29,99,887,1,6928,404511
Aurangabad,235,Bihar,10,466108,196443,26284,240057,95,19,7,385,0,4022,684176
Gaya,236,Bihar,10,830383,320917,15596,449746,149,1003,72,1869,0,63741,775991
Nawada,237,Bihar,10,404339,133116,2168,281504,54,5,0,14,0,22524,330251
Jamui,238,Bihar,10,636265,132519,3612,353051,162,24,2,7,0,19838,169744
Jehanabad,239,Bihar,10,91151,125475,1821,57068,62,1,0,18,1,10785,236846
Arwal,240,Bihar,10,70386,88085,1995,37496,27,0,0,31,0,5389,93044
Chandigarh,55,Chandigarh,4,13440,12177,0,998,233,4,0,0,0,138,48883
Korea,400,Chhattisgarh,22,380862,71564,30,209357,68,0,8,0,0,4213,439310
Surguja,401,Chhattisgarh,22,364306,70181,462,288535,10,0,0,0,0,12427,419622
Jashpur,402,Chhattisgarh,22,433037,33416,5387,445166,43,0,0,0,0,39705,525189
Raigarh,403,Chhattisgarh,22,379028,24334,19331,217858,22,0,0,5,0,10288,348050
Korba,404,Chhattisgarh,22,353801,52664,42,187421,14,0,0,15,0,2308,309661
Janjgir-Champa,405,Chhattisgarh,22,514307,35802,7415,78461,68,25,3,0,0,3116,428564
Bilaspur,406,Chhattisgarh,22,606719,98293,3513,206088,13,19,4,13,0,4481,724891
Kabirdham (Kawardha),407,Chhattisgarh,22,358678,40090,829,77181,29,21,0,0,0,4812,147719
Rajnandgaon,408,Chhattisgarh,22,746200,60832,8645,140555,8,6,0,5,0,11547,2101990
Durg,409,Chhattisgarh,22,307693,51122,7472,61499,73,3,6,9,0,1594,1661112
Raipur,410,Chhattisgarh,22,343625,62579,8227,70311,29,18,0,4,0,1749,2506337
Mahasamund,411,Chhattisgarh,22,305152,23237,15821,123996,6,6,0,8,1,3494,1117442
Dhamtari,412,Chhattisgarh,22,254795,39107,357,58582,27,0,0,0,0,7260,345763
Kanker,413,Chhattisgarh,22,343329,21558,2602,185263,18,2,0,6,0,62735,898114
Bastar,414,Chhattisgarh,22,285561,50383,28028,98170,10,0,0,0,0,39001,1096465
Narayanpur,415,Chhattisgarh,22,192146,16677,67,78041,0,0,0,0,0,57157,248627
Dantewada,416,Chhattisgarh,22,187630,17570,94,75745,2,3,0,0,0,42867,428905
Bijapur,417,Chhattisgarh,22,272442,14721,391,150220,0,0,0,0,0,64683,604788
Balod,664,Chhattisgarh,22,336482,30225,5610,54331,6,0,0,2,0,2137,1117074
Baloda Bazar,665,Chhattisgarh,22,514511,57111,7637,100638,11,0,0,0,0,3124,664778
Balrampur,666,Chhattisgarh,22,461363,56111,5071,348178,25,13,0,2,0,22180,398343
Bemetara,667,Chhattisgarh,22,417937,54713,8945,102089,2,0,0,65,0,1749,40940
Gariyaband,670,Chhattisgarh,22,253669,27031,33889,81932,19,0,0,6,0,2328,311750
Kondagaon,674,Chhattisgarh,22,339576,29604,4600,90235,36,12,0,1,0,52891,773743
Mungeli,676,Chhattisgarh,22,263370,36900,1207,74258,0,0,0,0,0,1084,46615
Sukma,685,Chhattisgarh,22,389067,25202,3978,149185,0,0,0,0,0,63554,700658
Surajpur,686,Chhattisgarh,22,378668,73695,579,252362,8,0,0,1,0,4417,305374
Dadra And Nagar Haveli,496,Dadra And Nagar Haveli,26,39736,997,84,7548,39,0,0,0,0,0,89671
Diu,494,Daman And Diu,25,999,0,68,506,0,0,0,0,0,0,5074
Daman,495,Daman And Diu,25,841,374,0,481,10,5,0,0,0,0,13190
North Goa,585,Goa,30,26956,12589,8,4269,3,0,1,0,0,4570,95618
South Goa,586,Goa,30,33291,14618,0,5177,12,0,0,0,2,30910,253925
AHMADABAD,797,Gujarat,24,211977,381499,14652,90062,988,29,0,485,592,26,419107
AMRELI,798,Gujarat,24,207241,178787,77036,125050,1526,0,0,23,1,0,1609
ANAND,799,Gujarat,24,273505,460860,9676,94277,509,3,0,2457,976,246,7261627
BANAS KANTHA,800,Gujarat,24,1390357,1501537,118204,387986,1938,0,0,250,3831,12,999755
BHARUCH,801,Gujarat,24,122344,162523,4536,160068,476,12,0,459,811,0,344399
BHAVNAGAR,802,Gujarat,24,226407,291930,132151,110133,1357,8,0,70,242,0,1490774
DANG,803,Gujarat,24,74901,23235,285,21093,1,0,0,0,0,64,234182
DOHAD,804,Gujarat,24,656223,524521,2533,878061,91,0,0,747,12,93,551838
GANDHINAGAR,805,Gujarat,24,184736,322574,21237,63695,543,0,0,312,1505,0,182857
JAMNAGAR,806,Gujarat,24,139176,162333,214785,130282,681,0,0,57,1115,53,143480
JUNAGADH,807,Gujarat,24,165769,211414,18499,59682,648,0,0,10,216,20,170895
KACHCHH,808,Gujarat,24,574837,466341,610629,439258,3087,12,0,1337,9053,0,171629
KHEDA,809,Gujarat,24,265460,616160,20096,102279,434,0,5,1096,240,13,1644991
MAHESANA,810,Gujarat,24,323858,488302,10913,111500,975,1,0,173,3409,1,157290
NARMADA,811,Gujarat,24,177550,76314,21,89966,57,0,0,74,0,5,142442
NAVSARI,812,Gujarat,24,231544,61865,1159,68636,205,0,0,58,2,58,1822239
PANCH MAHALS,813,Gujarat,24,335220,434464,1427,332360,236,0,0,1564,62,0,207032
PATAN,814,Gujarat,24,173660,432837,45920,101011,1024,0,0,156,2262,0,80751
PORBANDAR,815,Gujarat,24,64465,143534,17061,14855,202,0,0,0,223,0,22007
RAJKOT,816,Gujarat,24,377285,269056,128874,104797,1232,0,0,43,53,39,23644
SABAR KANTHA,817,Gujarat,24,459921,417008,47918,210505,270,0,0,230,794,0,334270
SURAT,818,Gujarat,24,271863,251048,4307,58055,626,21,0,100,14,27,137213
SURENDRANAGAR,819,Gujarat,24,325680,350911,44759,117945,1586,2,0,51,155,0,1198
VADODARA,820,Gujarat,24,152980,340490,5764,130662,426,8,0,576,36,0,370478
VALSAD,821,Gujarat,24,309310,63855,1271,83000,85,0,0,0,2,1,1726075
TAPI,822,Gujarat,24,224128,180659,560,49644,33,0,0,28,0,0,601471
CHHOTAUDEPUR,823,Gujarat,24,324217,209696,87,183686,111,0,0,244,3,0,335932
Mahisagar,824,Gujarat,24,308108,406003,9083,162603,117,0,0,362,9,0,244150
ARVALLI,825,Gujarat,24,425032,384808,30536,177028,245,0,0,216,332,0,276935
MORBI,826,Gujarat,24,141984,174976,97972,66893,501,0,0,7,297,0,1630273
DEVBHUMI DWARKA,827,Gujarat,24,126026,284636,63099,50443,302,0,0,70,1311,0,12610
GIR SOMNATH,828,Gujarat,24,212526,193958,22486,49163,178,0,0,19,39,0,29990
BOTAD,829,Gujarat,24,175347,75116,9727,43066,1025,0,0,12,23,0,249
AMBALA,722,Haryana,6,71160,137620,16887,6695,516,5,226,3,0,4128,2873416
BHIWANI,723,Haryana,6,105374,277555,34533,32270,584,54,182,80,1001,3517,777234
CHARKI DADRI,724,Haryana,6,38412,152521,12946,17075,190,24,111,33,338,1737,1151986
FARIDABAD,725,Haryana,6,42988,114100,3721,6790,112,4,23,21,5,1562,69867
FATEHABAD,726,Haryana,6,108800,233890,15146,13185,443,17,57,12,546,2160,357178
GURUGRAM,727,Haryana,6,63916,112204,3207,9490,710,99,84,88,25,8880,494424
HISAR,728,Haryana,6,169527,425846,33339,18862,565,43,106,70,338,4157,2820364
JHAJJAR,729,Haryana,6,62574,180459,9396,7837,347,29,330,37,18,11989,403395
JIND,730,Haryana,6,116624,393606,22805,11009,555,90,163,14,106,6308,5627554
KAITHAL,731,Haryana,6,91943,281887,10939,6189,587,21,109,6,13,4947,2406042
KARNAL,732,Haryana,6,155195,200645,10851,9313,677,29,65,21,125,10346,9565575
KURUKSHETRA,733,Haryana,6,101938,139058,10955,7152,469,11,40,10,0,4082,3509236
MAHENDRAGARH,734,Haryana,6,51113,187207,22995,45967,412,8,135,19,807,1354,988045
MEWAT,735,Haryana,6,29810,174347,5522,26522,113,4,29,70,303,761,23989
PALWAL,736,Haryana,6,49684,199491,7591,13072,320,23,64,89,2,3207,18743
PANCHKULA,737,Haryana,6,32381,56028,3960,6816,100,1,46,22,15,1875,6555878
PANIPAT,738,Haryana,6,74761,165167,5008,4595,387,14,22,6,1,4367,5139088
REWARI,739,Haryana,6,44310,160423,5384,24127,260,16,248,22,219,7457,441638
ROHTAK,740,Haryana,6,64075,174156,9981,6660,257,39,132,79,2,8694,364313
SIRSA,741,Haryana,6,235362,250695,27888,47609,398,40,230,79,1289,1687,340358
SONIPAT,742,Haryana,6,111458,224980,7103,7332,456,61,31,4,0,12399,955218
YAMUNANAGAR,743,Haryana,6,107277,126138,8213,6073,583,10,66,15,1,2626,1411424
Chamba,23,Himachal Pradesh,2,261939,24794,242571,223558,1178,20,6019,257,0,137,41404
Kangra,24,Himachal Pradesh,2,295959,133697,102743,214555,1890,93,3087,263,3,593,468479
Lahul And Spiti,25,Himachal Pradesh,2,11678,0,23380,3078,536,9,12,1467,0,0,1763
Kullu,26,Himachal Pradesh,2,155109,1301,133122,58800,859,4,789,52,0,27,11542
Mandi,27,Himachal Pradesh,2,359296,63856,91631,189289,1524,19,4451,100,0,146,31847
Hamirpur,28,Himachal Pradesh,2,19789,97246,6909,24285,88,13,609,60,1,109,27748
Una,29,Himachal Pradesh,2,60367,113042,134,12410,105,0,82,20,3,235,408000
Bilaspur,30,Himachal Pradesh,2,44776,99514,885,74243,33,10,644,82,0,487,45121
Solan,31,Himachal Pradesh,2,130736,70674,772,47412,68,49,763,42,0,355,226624
Sirmaur,32,Himachal Pradesh,2,245697,36838,5274,134881,383,60,1456,134,19,258,32586
Shimla,33,Himachal Pradesh,2,220176,5603,99643,86137,1250,233,1979,540,0,130,27321
Kinnaur,34,Himachal Pradesh,2,22495,0,84281,39765,282,145,524,1780,0,0,19516
Kupwara,1,Jammu And Kashmir,1,182998,2251,151255,55012,2059,405,274,3,0,0,374179
Badgam,2,Jammu And Kashmir,1,145153,730,178790,16193,2171,224,10,1,0,0,763606
Leh Ladakh,3,Jammu And Kashmir,1,35839,0,83281,176396,1763,64,0,2647,298,0,12795
Kargil,4,Jammu And Kashmir,1,48362,0,115220,63710,2762,22,12,3543,0,0,53961
Poonch,5,Jammu And Kashmir,1,53654,114672,135751,114279,3437,85,64,12,0,0,267560
Rajauri,6,Jammu And Kashmir,1,107789,148583,299010,286076,6405,10,2072,61,0,76,264325
Kathua,7,Jammu And Kashmir,1,208886,67456,281569,221215,5316,680,1474,95,25,123,772217
Baramulla,8,Jammu And Kashmir,1,157725,2542,183761,41068,1837,401,10,2,0,0,806242
Bandipora,9,Jammu And Kashmir,1,76888,794,104406,17224,818,2073,108,4,0,0,255555
Srinagar,10,Jammu And Kashmir,1,37395,131,35925,2146,104,1,0,0,0,0,390967
Ganderbal,11,Jammu And Kashmir,1,61627,311,55420,9843,556,1837,2,2,0,0,692270
Pulwama,12,Jammu And Kashmir,1,97234,794,133982,3887,41,1512,6,211,0,0,1135949
Shopian,13,Jammu And Kashmir,1,69552,2445,113911,1808,316,2384,0,4,0,0,86625
Anantnag,14,Jammu And Kashmir,1,188611,2514,180693,10860,2568,3544,97,1514,0,0,291153
Kulgam,15,Jammu And Kashmir,1,110416,1504,105170,3591,682,377,0,1,0,0,132949
Doda,16,Jammu And Kashmir,1,165672,18083,297846,68161,1999,16,5225,258,0,0,171195
Ramban,17,Jammu And Kashmir,1,136425,19239,86670,25937,1757,253,654,311,0,0,87101
Kishtwar,18,Jammu And Kashmir,1,93729,8216,188105,74472,1320,513,2448,752,0,0,35071
Udhampur,19,Jammu And Kashmir,1,205243,79925,269023,191129,2632,86,1424,8,16,476,66314
Reasi,20,Jammu And Kashmir,1,98707,67365,165447,159556,5003,524,2623,74,14,386,125458
Jammu,21,Jammu And Kashmir,1,187043,122905,49020,130140,3136,30,172,13,97,148,282251
Samba,22,Jammu And Kashmir,1,70292,30369,33248,57515,1478,134,47,47,16,6,298565
Garhwa,346,Jharkhand,20,701752,73950,24978,414456,30,46,0,7,0,31478,379207
Chatra,347,Jharkhand,20,510637,102000,457,300965,37,1,0,33,0,73570,691061
Koderma,348,Jharkhand,20,183651,20496,430,120382,31,6,0,0,0,3198,144502
Giridih,349,Jharkhand,20,973869,112335,11982,730195,26,4,0,79,0,53106,1011059
Deoghar,350,Jharkhand,20,692698,54383,25022,472849,22,7,0,0,0,30129,486755
Godda,351,Jharkhand,20,684653,96016,4717,288944,453,86,14,11,0,104736,484890
Sahebganj,352,Jharkhand,20,263183,46545,3706,354589,53,25,0,21,0,68045,578693
Pakur,353,Jharkhand,20,387417,70215,46812,309543,48,32,5,128,0,97940,775126
Dhanbad,354,Jharkhand,20,349900,32673,18496,271044,32,2,0,7,0,36002,978104
Bokaro,355,Jharkhand,20,400941,28525,16375,345816,48,0,9,7,0,16696,1642424
Lohardaga,356,Jharkhand,20,145722,16765,2282,175745,1,0,0,0,0,8202,409691
East Singhbum,357,Jharkhand,20,412587,58544,91686,388863,42,29,0,40,0,22146,1786890
Palamu,358,Jharkhand,20,666463,94442,35157,352021,67,15,32,15,0,41819,596930
Latehar,359,Jharkhand,20,347936,38088,91,274418,11,0,0,0,0,53042,518676
Hazaribagh,360,Jharkhand,20,548412,70492,2628,476081,1,6,0,1,0,45160,2547094
Ramgarh,361,Jharkhand,20,119968,29161,4147,209934,2,0,6,5,0,18325,426147
Dumka,362,Jharkhand,20,747624,48090,28645,407126,14,4,1,6,0,128562,828974
Jamtara,363,Jharkhand,20,431586,20420,38364,256925,2,27,0,0,0,37074,495548
Ranchi,364,Jharkhand,20,636402,125153,39719,784961,45,8,1,0,0,68396,2376524
Khunti,365,Jharkhand,20,279817,32918,34597,266678,15,0,0,8,0,40844,932483
Gumla,366,Jharkhand,20,558248,90480,7974,608665,10,7,0,3,0,107915,1359659
Simdega,367,Jharkhand,20,403412,26600,14476,418100,14,12,0,9,0,110301,997947
West Singhbhum,368,Jharkhand,20,471002,31269,112791,527897,35,0,0,1,0,38176,2475360
Saraikela Kharsawan,369,Jharkhand,20,305172,30753,75651,364976,13,9,5,19,0,42111,1909162
Belgaum,555,Karnataka,29,549540,844171,757679,701741,2998,62,5,17,1,21784,2648732
Bagalkot,556,Karnataka,29,222823,234340,622856,383926,539,270,0,980,1,20458,1703285
Bijapur,557,Karnataka,29,202111,177079,347070,569098,1167,8,0,164,0,19462,273409
Bidar,558,Karnataka,29,173634,125510,85948,182854,69,0,0,1743,1,20838,734095
Raichur,559,Karnataka,29,245374,112420,657633,282718,43,0,8,120,0,16384,397976
Koppal,560,Karnataka,29,231413,63467,625367,172578,41,0,0,12,1,8651,4008826
Gadag,561,Karnataka,29,136311,55798,395899,191656,108,0,1,13,0,14258,416130
Dharwad,562,Karnataka,29,172219,61245,79869,74069,91,7,0,1,0,4168,1460262
Uttar Kannad,563,Karnataka,29,336312,73993,8537,10655,20,0,1,0,1,1193,557455
Haveri,564,Karnataka,29,261060,85501,313205,144969,133,0,17,27,2,3347,384290
Bellary,565,Karnataka,29,283699,127407,1005565,253119,59,0,3,111,2,15094,1721528
Chitradurga,566,Karnataka,29,225603,113304,1352087,385058,55,22,8,1521,2,2177,1741574
Davangere,567,Karnataka,29,297377,123596,505630,124542,25,1,0,86,0,2418,2628413
Shimoga,568,Karnataka,29,518653,120563,42526,59719,35,12,0,54,0,6160,2066027
Udupi,569,Karnataka,29,254776,2408,431,2676,1,0,0,0,0,3289,1143010
Chikmagalur,570,Karnataka,29,290007,34362,97962,41040,25,0,0,39,0,1423,2336685
Tumkur,571,Karnataka,29,431251,142047,1290008,427926,44,5,2,3225,2,5956,1628178
Bengaluru Urban,572,Karnataka,29,153861,11168,82873,62464,114,14,1,91,2,28046,1302173
Mandya,573,Karnataka,29,369986,109443,347133,346430,26,0,0,107,0,9408,2185469
Hassan,574,Karnataka,29,548185,107971,199387,129058,34,0,0,108,0,1946,2353284
Dakshin Kannad,575,Karnataka,29,250569,1832,289,32215,14,0,0,13,11,6359,2595523
Kodagu,576,Karnataka,29,71684,5236,650,7603,2,2,0,0,0,8365,184597
Mysore,577,Karnataka,29,492598,21682,203463,208206,561,1,0,15,4,7349,3095800
Chamarajanagar,578,Karnataka,29,249361,9918,135321,144633,33,9,0,31,2,1572,726104
Gulbarga,579,Karnataka,29,385580,73176,112387,446200,78,9,2,66,1,44221,382911
Yadgir,580,Karnataka,29,233336,57438,437092,256848,53,10,3,31,0,20504,326132
Kolar,581,Karnataka,29,209642,26520,483892,93713,17,0,0,62,0,5292,8607729
Chikballapur,582,Karnataka,29,213815,26397,613193,188392,42,0,0,25,0,2481,2382658
Bangalore Rural,583,Karnataka,29,170722,16924,118788,95156,21,12,0,42,0,14131,7145341
Ramanagara,584,Karnataka,29,287502,19644,127988,150130,126,0,0,86,0,7102,2356885
Kasaragod,588,Kerala,32,73968,1506,50,37427,8,0,0,1,2,4666,615472
Kannur,589,Kerala,32,91687,2446,8,65166,7,0,0,0,3,12312,1325481
Wayanad,590,Kerala,32,79753,4353,238,45365,16,4,0,0,3,9147,889246
Kozhikode,591,Kerala,32,94248,3915,25,55215,18,0,0,0,4,11159,1760401
Malappuram,592,Kerala,32,87035,15077,28,169892,41,2,0,0,1,2925,6137460
Palakkad,593,Kerala,32,166952,9743,914,144095,61,6,0,32,3,9258,2028591
Thrissur,594,Kerala,32,111932,20520,21,129579,106,29,0,4,4,13041,3399382
Ernakulam,595,Kerala,32,108061,10029,7,126599,46,3,0,21,0,9142,4033870
Idukki,596,Kerala,32,97395,5067,9,102432,25,2,0,0,0,14670,746356
Kottayam,597,Kerala,32,81074,6163,19,94968,28,1,0,2,1,9200,2212169
Alappuzha,598,Kerala,32,79370,5726,18,55109,17,2,0,0,0,424,1779061
Pathanamthitta,599,Kerala,32,61157,3260,27,52106,12,2,0,1,0,894,798872
Kollam,600,Kerala,32,110542,8658,12,124326,31,4,0,0,3,1582,1522105
Thiruvananthapuram,601,Kerala,32,98822,5041,106,156882,86,3,0,4,2,5443,2523439
Lakshadweep District,587,Lakshadweep,31,2493,16,0,43188,0,0,0,0,0,0,226025
HOSHANGABAD,746,Madhya Pradesh,23,330352,112350,259,88045,201,12,0,123,2,714,409967
SAGAR,747,Madhya Pradesh,23,744975,236093,871,172079,297,366,1,81,2,1474,304600
NARSINGHPUR,748,Madhya Pradesh,23,254904,116684,591,122180,196,24,0,206,0,1654,44586
ASHOKNAGAR,749,Madhya Pradesh,23,234315,146970,1892,106301,96,1,21,37,0,1078,15705
SEHORE,750,Madhya Pradesh,23,368540,275960,563,134706,154,14,2,64,0,1344,423470
SHIVPURI,751,Madhya Pradesh,23,369906,411008,35963,337857,174,5,8,400,3,4318,129462
JHABUA,752,Madhya Pradesh,23,430840,132650,2516,424992,137,0,0,273,0,5,628382
MORENA,753,Madhya Pradesh,23,108548,685578,14607,165323,348,38,256,498,59,4386,164252
NEEMUCH,754,Madhya Pradesh,23,237347,169746,6701,166426,451,0,0,123,301,1115,46746
DHAR,755,Madhya Pradesh,23,663537,279509,5353,687834,391,8,1,212,0,355,677395
BHIND,756,Madhya Pradesh,23,126126,424230,12516,184256,241,3,7,98,212,4962,15742
KHARGONE,757,Madhya Pradesh,23,612923,274497,2568,425712,201,13,0,222,0,2117,453412
ALIRAJPUR,758,Madhya Pradesh,23,362015,73417,1466,498099,10,0,7,271,0,20,1351543
GUNA,759,Madhya Pradesh,23,374738,300904,2057,140961,185,0,1,429,19,2564,49192
UJJAIN,760,Madhya Pradesh,23,265521,352004,1978,265505,969,138,5,150,20,3000,173307
DINDORI,761,Madhya Pradesh,23,448069,62845,309,75530,107,33,0,7,0,4457,219140
BURHANPUR,762,Madhya Pradesh,23,137834,54672,30070,121851,207,1,1,102,0,231,99746
BALAGHAT,763,Madhya Pradesh,23,605928,186805,35,328851,104,0,0,10,0,5683,657195
VIDISHA,764,Madhya Pradesh,23,314682,161822,816,88020,162,49,3,113,0,461,67653
SHEOPUR,765,Madhya Pradesh,23,264113,198624,8591,203050,140,1,26,300,60,2849,94587
CHHINDWARA,766,Madhya Pradesh,23,712157,167074,336,368674,274,128,0,174,7,1199,667474
RATLAM,767,Madhya Pradesh,23,319748,193437,2425,282104,513,0,10,56,20,806,347617
BHOPAL,768,Madhya Pradesh,23,124565,111371,715,50076,135,14,21,7,2,3359,1174428
GWALIOR,769,Madhya Pradesh,23,146644,269483,18576,154554,279,31,407,747,279,2391,129798
SATNA,770,Madhya Pradesh,23,579909,244153,20241,289844,103,260,357,180,0,6398,39245
SIDHI,771,Madhya Pradesh,23,520013,110308,12795,299223,11,0,6,32,0,8684,333337
TIKAMGARH,772,Madhya Pradesh,23,307206,316146,35662,364233,441,147,3,73,2,4344,236332
DEWAS,773,Madhya Pradesh,23,387133,249338,45,246694,282,1,0,96,1,982,185062
UMARIA,774,Madhya Pradesh,23,330607,51632,3969,97151,18,0,0,6,0,2146,44668
MANDLA,775,Madhya Pradesh,23,486200,82098,102,109461,59,0,0,1,4,17160,362429
SINGRAULI,776,Madhya Pradesh,23,549102,81239,4321,227350,15,92,5,9,0,2291,167494
REWA,777,Madhya Pradesh,23,662769,261655,24145,292711,114,8,1,12,0,11701,199650
ANUPPUR,778,Madhya Pradesh,23,380613,63566,117,74527,117,0,0,1,0,2315,367497
BETUL,779,Madhya Pradesh,23,573205,173775,2360,233219,393,10,2,299,10,3454,525215
HARDA,780,Madhya Pradesh,23,159487,83911,102,76337,216,0,0,1,0,279,34276
DATIA,781,Madhya Pradesh,23,114229,290054,14309,163737,101,38,299,538,3,3470,37947
RAJGARH,782,Madhya Pradesh,23,271753,483042,1189,171777,358,5,0,245,0,2494,244739
CHHATARPUR,783,Madhya Pradesh,23,303664,397354,16661,435965,578,9,993,739,4,15596,168596
DAMOH,784,Madhya Pradesh,23,480106,137718,2409,151180,165,22,1,42,0,3828,30653
AGAR MALWA,785,Madhya Pradesh,23,159108,161642,1119,143352,282,0,0,179,72,354,96469
SEONI,786,Madhya Pradesh,23,445612,113909,91,214520,115,11,12,23,0,1540,273245
EAST NIMAR,787,Madhya Pradesh,23,373827,170331,136,211682,144,47,0,56,0,355,118692
SHAJAPUR,788,Madhya Pradesh,23,163296,213622,107,106282,225,0,0,65,0,979,116701
BARWANI,789,Madhya Pradesh,23,420132,144617,3295,441719,76,0,0,94,10,1462,826926
RAISEN,790,Madhya Pradesh,23,454429,138604,1339,141671,172,11,0,85,0,595,125327
JABALPUR,791,Madhya Pradesh,23,294821,101598,1013,124914,76,1,0,4,1,4991,2658848
SHAHDOL,792,Madhya Pradesh,23,524536,115837,3984,139300,10,0,0,0,0,3623,144981
PANNA,793,Madhya Pradesh,23,365515,197897,10856,203125,59,18,27,392,0,7337,42042
KATNI,794,Madhya Pradesh,23,381404,97825,1730,148375,120,13,59,39,0,5722,88380
INDORE,795,Madhya Pradesh,23,239874,173194,219,144673,659,3,1,32,11,749,679528
Mandsaur,796,Madhya Pradesh,23,263951,254333,10495,218516,804,0,0,189,649,1225,166220
Nandurbar,497,Maharashtra,27,304305,73966,36210,323264,224,0,0,198,9,7314,940194
Dhule,498,Maharashtra,27,354544,97659,492632,332041,907,0,0,74,5,9116,2039025
Jalgaon,499,Maharashtra,27,577302,269105,70471,433156,1053,175,16,342,93,9599,1030660
Buldhana,500,Maharashtra,27,461529,134148,125280,364689,356,23,8,328,5,5251,400121
Akola,501,Maharashtra,27,233271,49797,9581,151076,342,0,0,2364,1,1356,188029
Washim,502,Maharashtra,27,168091,53826,9394,127477,125,0,36,59,2,7193,127107
Amravati,503,Maharashtra,27,464967,129627,83200,340681,409,117,1,1591,1,4801,1389783
Wardha,504,Maharashtra,27,275880,46649,5358,161359,35,0,0,26,1,590,274733
Nagpur,505,Maharashtra,27,418548,72482,15476,289098,73,0,0,47,5,1909,1365358
Bhandara,506,Maharashtra,27,213036,106861,3169,199183,46,0,0,12,3,83,315774
Gondia,507,Maharashtra,27,292627,92527,1189,194975,73,0,2,0,0,366,641543
Gadchiroli,508,Maharashtra,27,459471,66259,18605,239587,2,0,0,0,0,25210,1018969
Chandrapur,509,Maharashtra,27,395914,64038,50465,240280,11,2,0,20,2,1556,672089
Yavatmal,510,Maharashtra,27,596113,88384,22587,349979,308,21,2,198,19,1406,886784
Nanded,511,Maharashtra,27,502428,236386,76893,318564,457,0,12,4634,125,6529,557371
Hingoli,512,Maharashtra,27,232203,74125,16907,154284,112,57,0,71,0,1670,171869
Parbhani,513,Maharashtra,27,299861,98495,31673,171698,293,16,0,656,7,6428,173237
Jalna,514,Maharashtra,27,421975,82073,30534,300988,273,8,0,200,2,4074,294119
Aurangabad,515,Maharashtra,27,538572,94430,88244,431182,643,40,11,325,6,10646,602141
Nashik,516,Maharashtra,27,895050,221234,243373,626644,1485,7,15,274,22,7616,8013261
Thane,517,Maharashtra,27,79522,92521,1827,60045,214,3,8,53,0,1961,2976468
Mumbai,519,Maharashtra,27,3226,24388,458,6389,80,20,1,38,13,406,20063
Raigad,520,Maharashtra,27,176906,62225,2203,90188,235,0,0,11,7,513,4044852
Pune,521,Maharashtra,27,846745,298148,290633,575905,3148,12,410,223,42,11439,16406458
Ahmednagar,522,Maharashtra,27,1378303,221355,285751,1194052,2434,63,2,825,5,5466,8971487
Beed,523,Maharashtra,27,496368,258440,68693,468149,507,4,0,481,3,3803,1540090
Latur,524,Maharashtra,27,257508,257187,35094,148886,296,6,3,438,14,6165,504048
Osmanabad,525,Maharashtra,27,362422,188446,22131,217400,269,5,2,26,25,590,759610
Solapur,526,Maharashtra,27,745404,496454,125386,962504,581,59,29,1903,30,10457,3099062
Satara,527,Maharashtra,27,352436,326896,185905,364348,757,0,0,767,2,313,3995976
Ratnagiri,528,Maharashtra,27,235060,41112,1212,38161,20,0,2,115,1,128,859984
Sindhudurg,529,Maharashtra,27,105920,51334,22,30935,3,0,0,0,0,1364,919101
Kolhapur,530,Maharashtra,27,283637,568884,96176,130053,1085,37,9,36,5,806,3380613
Sangli,531,Maharashtra,27,324756,493998,130754,454125,1106,9,3,1223,0,3317,3744287
Palghar,678,Maharashtra,27,238404,70233,2843,113538,235,11,109,14,10,1559,1973499
Senapati,272,Manipur,14,31828,12490,2849,10393,1,3,0,0,0,33385,477638
Tamenglong,273,Manipur,14,10140,3273,64,3456,75,9,0,0,0,11291,228476
Churachandpur,274,Manipur,14,23480,7259,574,3587,5,49,0,0,0,24289,159717
Bishnupur,275,Manipur,14,40228,926,42,2127,10,87,0,0,0,46663,1414731
Thoubal,276,Manipur,14,25982,492,358,3627,29,22,0,0,0,32178,931460
Imphal West,277,Manipur,14,26517,569,386,5297,40,571,0,0,0,19746,1075519
Imphal East,278,Manipur,14,40644,481,1165,7607,3,163,0,2,0,28442,782453
Ukhrul,279,Manipur,14,10810,9149,41,1219,0,2,0,0,0,25907,641464
Chandel,280,Manipur,14,14843,1591,442,1384,2,12,0,0,0,13354,186179
West Garo Hills,293,Meghalaya,17,223021,937,10689,94962,7,0,0,0,0,117679,1071760
East Garo Hills,294,Meghalaya,17,77272,0,0,37889,0,0,0,0,0,54654,409399
South Garo Hills,295,Meghalaya,17,74686,3,20,34160,0,3,0,0,0,53753,559243
West Khasi Hills,296,Meghalaya,17,78453,3779,1469,35356,157,26,0,0,0,66016,623516
Ri Bhoi,297,Meghalaya,17,54562,4259,13,14629,2,10,0,0,0,53679,538527
East Khasi Hills,298,Meghalaya,17,77909,779,1932,58783,2,0,0,0,0,154787,653304
West Jaintia Hills,299,Meghalaya,17,57622,1706,50,14042,0,0,0,0,0,60890,266985
East Jaintia Hills,668,Meghalaya,17,55614,1124,0,10170,0,0,0,0,0,23102,131351
North Garo Hills,677,Meghalaya,17,72675,20,7,2745,0,0,0,0,0,58558,616068
South West Garo Hills,683,Meghalaya,17,99024,1187,1474,58297,0,2,0,0,0,36149,327417
South West Khasi Hills,684,Meghalaya,17,32732,1920,25,36470,60,4,0,0,0,27097,181962
AIZAWL,893,Mizoram,15,10435,58,0,517,7,7,0,0,0,82045,694430
CHAMPHAI,894,Mizoram,15,8884,789,41,922,15,49,0,0,0,47135,280715
KOLASIB,895,Mizoram,15,6663,530,119,1603,7,10,0,0,0,35390,169507
LAWNGTLAI,896,Mizoram,15,5785,126,110,2647,10,0,0,0,0,30666,207120
LUNGLEI,897,Mizoram,15,5663,25,0,4709,0,6,0,0,0,35824,281721
MAMIT,898,Mizoram,15,2813,11,10,1371,1,0,0,0,0,25910,133590
SIAHA,899,Mizoram,15,2580,397,199,2549,0,0,0,0,0,17651,122163
SERCHHIP,900,Mizoram,15,2878,173,6,502,21,26,8,0,0,17844,158564
Mon,261,Nagaland,13,9782,1050,93,3794,0,0,0,0,0,32285,287651
Mokokchung,262,Nagaland,13,2081,73,3,994,0,0,0,0,0,41732,224619
Zunheboto,263,Nagaland,13,9996,9,3,2851,0,0,0,0,0,39738,275182
Wokha,264,Nagaland,13,2299,57,8,798,0,0,0,0,0,25526,174013
Dimapur,265,Nagaland,13,20255,3735,3,11227,5,13,0,0,0,65315,434302
Phek,266,Nagaland,13,2764,1333,17,2987,0,0,0,0,0,32785,420778
Tuensang,267,Nagaland,13,4578,46,0,1660,0,0,0,0,0,49353,253195
Longleng,268,Nagaland,13,8244,0,0,1109,0,0,0,0,0,15635,69994
Kiphire,269,Nagaland,13,1430,23,0,406,0,0,0,0,0,27796,121226
Kohima,270,Nagaland,13,7849,320,5,3700,0,16,0,0,0,46039,306140
Peren,271,Nagaland,13,9018,9008,229,2076,16,20,0,2,0,28491,271844
Bargarh,370,Odisha,21,244755,4825,62884,175820,5,0,0,0,0,1947,593170
Jharsuguda,371,Odisha,21,95638,1524,6956,57052,0,0,0,0,0,1330,142920
Sambalpur,372,Odisha,21,247795,5898,18840,200748,0,0,0,0,0,6453,519190
Deogarh,373,Odisha,21,128338,1571,1936,101691,0,0,0,0,0,832,179909
Sundargarh,374,Odisha,21,459733,17094,21158,576052,13,0,0,0,0,30219,1449266
Kendujhar,375,Odisha,21,626833,5707,51040,517321,13,0,0,0,0,3166,2023721
Mayurbhanj,376,Odisha,21,673442,8569,98674,1050151,8,3,0,1,0,18324,3761128
Baleshwar,377,Odisha,21,622128,1342,1987,313395,1,2,0,0,0,2851,1652494
Bhadrak,378,Odisha,21,452147,3489,842,107591,2,0,0,4,0,270,345067
Kendrapara,379,Odisha,21,322484,14561,15675,112532,0,0,1,0,0,1079,445595
Jagatsinghapur,380,Odisha,21,209978,10761,12101,107573,4,1,0,0,0,858,494937
Cuttack,381,Odisha,21,548770,14827,67753,221665,5,2,2,1,0,932,1403204
Jajapur,382,Odisha,21,478510,3895,10098,186456,8,0,0,0,0,4443,328773
Dhenkanal,383,Odisha,21,376196,13729,19429,164167,3,0,0,0,0,367,795049
Anugul,384,Odisha,21,364263,6321,35110,200353,1,0,0,0,0,1461,221122
Nayagarh,385,Odisha,21,210092,12363,34629,102397,1,0,0,0,0,0,670909
Khordha,386,Odisha,21,276331,9636,26974,79402,14,0,13,0,0,1290,1575988
Puri,387,Odisha,21,367150,13524,24774,111717,5,0,0,0,7,1241,597382
Ganjam,388,Odisha,21,445913,46775,165614,235336,15,0,0,59,1,3784,2939024
Gajapati,389,Odisha,21,167664,5454,9853,139274,0,0,0,4,0,7657,364483
Kandhamal,390,Odisha,21,261008,48739,6803,269391,0,0,0,0,0,5627,473199
Boudh,391,Odisha,21,129631,6730,64545,115103,0,0,0,0,0,156,106865
Sonepur,392,Odisha,21,112333,2570,44787,108787,1,19,0,0,0,738,354398
Balangir,393,Odisha,21,312205,20760,92209,313982,1,0,0,0,0,1475,2147654
Nuapada,394,Odisha,21,155571,12659,29903,80190,1,0,0,12,0,647,301749
Kalahandi,395,Odisha,21,284533,21432,80834,257495,5,0,0,1,0,2283,812278
Rayagada,396,Odisha,21,247259,48268,21561,154622,0,0,0,0,0,8278,466503
Nabarangpur,397,Odisha,21,338681,27882,102986,63027,0,0,0,0,0,3929,664686
Koraput,398,Odisha,21,443778,61019,128662,143646,7,0,0,1,0,6485,1009944
Malkangiri,399,Odisha,21,300811,6400,20532,126516,3,0,2,0,0,17040,598650
Yanam,634,Puducherry,34,763,1494,61,1219,0,0,0,0,0,76,9381
Pondicherry,635,Puducherry,34,52570,439,1792,27623,5,4,0,4,0,647,144426
Mahe,636,Puducherry,34,296,0,0,395,0,0,0,0,0,0,1233
Karaikal,637,Puducherry,34,18355,462,592,44393,13,7,0,0,1,157,80959
Gurdaspur,35,Punjab,3,181922,208957,911,9290,1064,10,19,45,0,2654,877576
Kapurthala,36,Punjab,3,72682,103096,211,5039,154,27,55,1,0,743,168716
Jalandhar,37,Punjab,3,150699,187876,984,12184,574,0,12,1,0,1367,135285
Hoshiarpur,38,Punjab,3,151907,169082,1502,12979,747,75,51,20,0,1786,1117623
Nawanshahr (Sbs Nagar),39,Punjab,3,62678,87661,357,5226,116,0,45,0,0,215,127581
Fatehgarh Sahib,40,Punjab,3,68655,113268,834,6455,195,4,21,8,2,2506,402641
Ludhiana,41,Punjab,3,227300,371622,2650,29100,1483,54,251,22,2,6755,2753613
Moga,42,Punjab,3,109048,168012,2126,16251,564,0,24,44,2,1824,136744
Firozepur,43,Punjab,3,91179,170646,2099,9894,329,13,12,8,1,676,483159
Muktsar,44,Punjab,3,113102,116110,7529,31635,835,1,239,56,6,382,166055
Faridkot,45,Punjab,3,70472,93343,2175,15333,622,13,45,16,7,936,56161
Bathinda,46,Punjab,3,155456,234702,6021,48112,660,62,156,39,26,2530,336392
Mansa,47,Punjab,3,83315,223023,6298,20670,358,16,111,12,5,2256,341416
Patiala,48,Punjab,3,124148,275744,8462,10359,448,7,29,4,0,4554,1909462
Amritsar,49,Punjab,3,191120,267563,1038,11315,1119,6,41,25,2,2281,469795
Tarn Taran,50,Punjab,3,106421,237717,4755,8638,398,12,7,16,2,1428,175308
Rupnagar,51,Punjab,3,72844,132718,201,6216,303,8,26,15,3,2579,186114
S.A.S Nagar,52,Punjab,3,41699,116311,7749,7296,1974,16,26,18,6,5954,1835237
Sangrur,53,Punjab,3,160487,402475,4184,30580,628,13,102,33,10,5901,2598279
Barnala,54,Punjab,3,64601,144699,1113,10934,301,10,149,5,2,2493,2358341
Fazilka,669,Punjab,3,155016,161979,22993,32038,295,0,194,49,40,2684,62966
Pathankot,679,Punjab,3,76709,29343,1368,8405,711,18,29,34,4,457,951520
Ganganagar,99,Rajasthan,8,636702,200125,233917,303487,751,24,96,1001,5707,1502,72345
Hanumangarh,100,Rajasthan,8,544264,302203,170021,180537,720,41,250,788,17375,969,174059
Bikaner,101,Rajasthan,8,1194729,208251,662136,626769,679,55,8,1828,27357,599,8161
Churu,102,Rajasthan,8,438583,277343,281757,594230,774,8,143,965,19652,633,184844
Jhunjhunu,103,Rajasthan,8,269096,347110,152990,442134,1265,29,237,792,9195,2979,2127197
Alwar,104,Rajasthan,8,241856,1144753,60432,403117,1086,66,330,209,4918,11722,433069
Bharatpur,105,Rajasthan,8,205401,760323,76693,168158,700,1,20,203,1747,15148,196778
Dholpur,106,Rajasthan,8,68757,371410,13830,100811,282,44,83,291,172,2622,3583
Karauli,107,Rajasthan,8,73155,518622,82925,340529,548,0,9,133,2149,9272,10778
Sawai Madhopur,108,Rajasthan,8,77627,301792,110011,256260,653,0,10,328,1990,8197,6454
Dausa,109,Rajasthan,8,151525,526460,59797,311068,589,16,1,203,777,6428,18601
Jaipur,110,Rajasthan,8,691457,1214213,253706,787220,1722,72,9,976,4304,16366,913212
Sikar,111,Rajasthan,8,383541,488798,175454,920453,990,2,21,224,3998,4932,369701
Nagaur,112,Rajasthan,8,573991,545342,446667,1195815,1244,10,30,293,3972,3103,83558
Jodhpur,113,Rajasthan,8,1069027,317852,619468,1640570,1306,27,18,766,13097,1219,32753
Jaisalmer,114,Rajasthan,8,407048,4638,836992,1104272,1106,0,5,4911,34492,785,3160
Barmer,115,Rajasthan,8,905199,222727,1013419,2946662,1944,0,14,2659,25907,279,10636
Jalore,116,Rajasthan,8,299259,587826,416458,352280,2637,0,0,339,4962,33,7247
Sirohi,117,Rajasthan,8,205103,211005,154465,352535,524,2,0,399,3589,74,52819
Pali,118,Rajasthan,8,360871,329807,764787,682447,1421,156,8,468,4745,3847,85584
Ajmer,119,Rajasthan,8,384657,520779,363893,739132,1686,51,3,311,1103,14910,8183545
Tonk,120,Rajasthan,8,171736,437452,219177,319250,1092,13,0,175,580,5608,50258
Bundi,121,Rajasthan,8,193509,325032,55969,306938,906,0,5,252,3056,11652,17492
Bhilwara,122,Rajasthan,8,705423,477272,359901,829826,1484,1,0,490,3657,7336,414746
Rajsamand,123,Rajasthan,8,244731,234272,68347,537215,860,13,0,672,1558,3005,28837
Dungarpur,124,Rajasthan,8,431401,329357,65783,803899,233,3,21,796,2670,28,136557
Banswara,125,Rajasthan,8,657389,361245,7958,720497,347,1357,6,1113,451,117,395045
Chittorgarh,126,Rajasthan,8,379026,473245,26731,488760,1194,74,2,83,2723,1935,62627
Kota,127,Rajasthan,8,216343,240628,22434,137387,506,28,3,283,1862,6619,33365
Baran,128,Rajasthan,8,298103,266017,11392,184809,374,45,1,517,1396,6409,46749
Jhalawar,129,Rajasthan,8,250823,344217,10173,285594,605,50,6,200,1077,5317,16811
Udaipur,130,Rajasthan,8,831496,597128,83081,1360159,1003,10,0,586,2349,124,344163
Pratapgarh,131,Rajasthan,8,375802,206072,23093,417383,245,5,0,120,152,1039,98241
North District,241,Sikkim,11,11918,49,337,3595,25,0,0,0,0,2053,38566
West District,242,Sikkim,11,42639,857,985,30515,72,0,0,0,0,8862,137801
South District,243,Sikkim,11,46589,151,591,27158,0,0,0,0,0,9054,244516
East District,244,Sikkim,11,46864,87,103,29238,18,0,0,2,0,7351,159981
Thiruvallur,602,Tamil Nadu,33,282138,51239,63236,243313,89,29,4,30,0,1973,756033
Chennai,603,Tamil Nadu,33,25588,7789,275,12107,655,4,47,10,0,140,72694
Kanchipuram,604,Tamil Nadu,33,428458,41940,118823,209468,37,5,104,33,0,608,392043
Vellore,605,Tamil Nadu,33,582221,16130,210317,305430,74,8,0,91,0,2288,1866187
Tiruvannamalai,606,Tamil Nadu,33,739467,5114,177712,248410,10,23,55,28,0,5361,453915
Villupuram,607,Tamil Nadu,33,873822,8942,216692,471451,157,20,9,63,0,3662,1615305
Salem,608,Tamil Nadu,33,633437,48411,336885,576380,85,360,0,27,0,6519,5117756
Namakkal,609,Tamil Nadu,33,267796,63328,101866,492711,49,3,1,4,0,8583,48375945
Erode,610,Tamil Nadu,33,340426,87416,197934,420691,337,37,1,149,3,2025,6185870
The Nilgiris,611,Tamil Nadu,33,26095,2494,2502,17585,197,25,14,74,0,473,71834
Dindigul,612,Tamil Nadu,33,297004,27061,172066,348868,883,560,0,59,3,1560,4122258
Karur,613,Tamil Nadu,33,165036,26845,263792,228249,34,6,3,4,0,1397,1039118
Tiruchirappalli,614,Tamil Nadu,33,336903,8792,136163,559063,77,40,2,9,0,1280,1683616
Perambalur,615,Tamil Nadu,33,132472,1028,31089,123719,8,5,0,0,0,670,525684
Ariyalur,616,Tamil Nadu,33,161093,1831,38061,250487,6,16,0,0,0,1998,286423
Cuddalore,617,Tamil Nadu,33,353663,6031,42675,341587,15,161,44,20,0,8280,1054647
Nagapattinam,618,Tamil Nadu,33,251634,7093,32554,486509,69,29,0,1,0,426,564913
Thiruvarur,619,Tamil Nadu,33,200248,1212,1279,290998,42,0,0,5,0,551,370702
Thanjavur,620,Tamil Nadu,33,350527,3749,25025,429251,88,16,1,1,0,610,815455
Pudukkottai,621,Tamil Nadu,33,360299,3522,133569,479440,16,16,0,10,0,273,2199888
Sivaganga,622,Tamil Nadu,33,246623,885,177058,339481,12,0,5,3,0,845,1174770
Madurai,623,Tamil Nadu,33,262725,3873,108429,270564,27,21,0,13,0,323,768019
Theni,624,Tamil Nadu,33,110275,1423,47699,95388,32,40,0,26,0,819,618897
Virudhunagar,625,Tamil Nadu,33,206593,6200,419017,505861,29,0,0,5,0,1384,971527
Ramanathapuram,626,Tamil Nadu,33,88466,493,293621,393956,8,1,0,89,0,1589,618806
Tuticorin,627,Tamil Nadu,33,117605,4760,184606,380917,52,32,1,160,0,1601,703948
Tirunelveli,628,Tamil Nadu,33,298106,14560,216036,379818,42,94,3,139,0,3611,1785777
Kanniyakumari,629,Tamil Nadu,33,70371,1409,224,108901,17,2,0,4,0,1502,933352
Dharmapuri,630,Tamil Nadu,33,359788,25083,89313,228386,51,5,0,124,0,993,4552310
Krishnagiri,631,Tamil Nadu,33,395757,9843,231303,192414,71,13,1,171,0,2823,5974000
Coimbatore,632,Tamil Nadu,33,259917,3170,99642,195781,328,9,10,61,1,1160,8382014
Tiruppur,633,Tamil Nadu,33,294107,27129,331028,261562,230,10,0,15,0,1445,16727394
Adilabad,532,Telangana,36,311163,48649,153202,186322,285,64,1,34,6,1890,554199
Nizamabad,533,Telangana,36,101252,206898,735549,156619,23,2,0,0,0,1749,1719699
Karimnagar,534,Telangana,36,82412,95344,638706,92687,14,0,0,35,7,6573,2168420
Medak,535,Telangana,36,89355,189505,637063,152619,39,0,0,195,0,4594,2458380
Hyderabad,536,Telangana,36,15635,23327,13231,33876,761,24,3,11,31,116,24699
Rangareddi,537,Telangana,36,240826,167018,767125,256632,262,1206,75,16,1,6076,24069700
Mahbubnagar,538,Telangana,36,239883,149637,2302222,280693,80,118,0,201,0,20812,2824158
Nalgonda,539,Telangana,36,203456,309135,1098300,336324,23,0,1,4,0,6728,4435232
Warangal Rural,540,Telangana,36,91917,119476,732481,103591,0,7,0,0,0,8734,2045503
Khammam,541,Telangana,36,141117,375097,667318,190013,2,0,0,61,0,5641,2159090
Nirmal,641,Telangana,36,179045,121193,502576,131866,57,0,0,43,0,2981,501264
Jagitial,642,Telangana,36,47405,124248,610985,97033,6,15,0,0,0,14895,866795
PEDDAPALLI,643,Telangana,36,55946,90633,549286,96449,5,5,0,2,1,3969,1069946
RAJANNA SIRCILLA,644,Telangana,36,43818,73422,388227,87723,40,0,0,5,0,2531,743767
MANCHERIAL,645,Telangana,36,179757,105798,520731,183526,1,11,0,53,0,2259,868144
KAMAREDDY,646,Telangana,36,112157,181068,573769,167831,95,0,0,520,0,5600,1374712
WARANGAL URBAN,647,Telangana,36,38125,67141,387742,54787,7,0,0,7,1,8342,854260
JAYASHANKAR BHUPALAPALLY,648,Telangana,36,168849,123890,420601,156331,0,26,0,0,0,1950,935847
MAHABUBABAD,649,Telangana,36,181554,129628,677881,178035,2,0,0,7,0,7818,1108991
JANGOAN,650,Telangana,36,106628,129656,679929,126668,1,0,0,0,0,3456,872562
BHADRADRI KOTHAGUDEM,651,Telangana,36,283630,172284,267256,255909,7,0,1,0,1,3191,1610547
SANGAREDDY,652,Telangana,36,153829,165273,438757,229029,114,16,6,464,6,6145,1240991
SIDDIPET,653,Telangana,36,126615,177912,801259,183442,14,0,0,47,0,8705,9137424
WANAPARTHY,654,Telangana,36,75089,72531,976832,80608,0,2,0,30,13,8922,765609
NAGARKURNOOL,655,Telangana,36,223475,111755,967926,206403,5,0,0,15,0,11210,2769677
JOGULAMBA GADWAL,656,Telangana,36,75463,58240,576693,67568,27,8,0,0,0,5053,1480149
SURYAPET,657,Telangana,36,95148,289759,779090,140439,1,0,0,39,0,2634,2002987
YADADRI BHUVANAGIRI,658,Telangana,36,104965,158048,650426,147947,410,0,0,178,4,2442,4389080
VIKARABAD,659,Telangana,36,172506,80401,237536,254144,25,38,4,47,0,9947,533667
KUMURAM BHEEM ASIFABAD,660,Telangana,36,264451,49445,160958,259539,0,1,0,17,0,544,455807
MEDCHAL MALKAJGIRI,661,Telangana,36,27068,59895,149401,40020,14,15,0,0,0,2485,3958098
West Tripura,289,Tripura,16,89499,263,683,38248,0,0,0,0,0,23691,603293
South Tripura,290,Tripura,16,125692,178,286,59273,1,0,0,0,0,24463,657751
Dhalai,291,Tripura,16,90679,958,485,54263,1,0,0,0,0,50504,487262
North Tripura,292,Tripura,16,77278,1136,1870,37027,2,1,2,0,0,20860,305288
Gomati,671,Tripura,16,101284,668,786,52704,2,0,0,1,2,30034,633662
Khowai,673,Tripura,16,67060,87,202,36822,0,0,0,0,0,21496,384523
Sepahijala,681,Tripura,16,125849,233,519,50108,2,2,0,9,0,26514,820307
Unakoti,687,Tripura,16,61690,3608,629,31759,5,1,0,0,0,8473,276160
Almora,709,Uttarakhand,5,149080,77444,2186,185319,239,101,1392,4,0,359,72309
Bageshwar,710,Uttarakhand,5,76181,31432,20800,102075,243,3,1714,2,0,114,17986
chamoli,711,Uttarakhand,5,145625,37922,75417,96861,600,0,4064,4,0,287,34875
Champawat,712,Uttarakhand,5,79686,18599,10,60516,44,116,547,0,0,80,121577
Dehradun,713,Uttarakhand,5,194043,52185,6222,158314,444,131,1724,254,0,1692,583703
Haridwar,714,Uttarakhand,5,179395,214480,4697,26594,456,30,18,16,0,6129,274851
Nainital,715,Uttarakhand,5,176506,77759,828,66213,734,188,1368,2,15,779,639479
Pauri Garhwal,716,Uttarakhand,5,256311,30076,13276,142816,588,96,1374,186,0,1092,64070
Pithoragarh,717,Uttarakhand,5,162869,37056,44533,226060,622,0,2798,18,0,161,95814
Rudraprayag,718,Uttarakhand,5,74237,31115,13084,28363,217,17,2561,1,0,44,25877
Tehri Garhwal,719,Uttarakhand,5,86362,79394,21145,126944,479,3,2667,8,0,623,59815
Udham Singh Nagar,720,Uttarakhand,5,166349,152911,2068,51014,1181,19,77,23,0,6030,2997991
Uttarkashi,721,Uttarakhand,5,105479,25945,80349,100882,900,1,5989,71,0,269,30337
Saharanpur,132,Uttar Pradesh,9,266504,471973,15605,61682,1668,339,48,37,43,10287,526121
Muzaffarnagar,133,Uttar Pradesh,9,291224,459747,5664,29793,2182,42,225,185,28,8666,22316
Bijnor,134,Uttar Pradesh,9,378290,622405,4022,91889,2162,48,62,53,0,10168,342997
Moradabad,135,Uttar Pradesh,9,176934,408720,2900,96932,1875,18,6,35,0,3572,113771
Rampur,136,Uttar Pradesh,9,106096,353580,6761,80830,1738,20,25,50,1,1698,85648
Amroha,137,Uttar Pradesh,9,216649,514547,1076,75742,847,27,3,11,2,1736,25752
Meerut,138,Uttar Pradesh,9,244585,515704,3828,43470,1958,10,262,102,5,8276,391369
Baghpat,139,Uttar Pradesh,9,145930,316815,2178,16948,1262,173,112,112,111,3580,73995
Ghaziabad,140,Uttar Pradesh,9,100200,213720,914,17397,577,38,85,142,12,2583,159515
Gautam Buddha Nagar,141,Uttar Pradesh,9,90867,264982,1220,18114,540,0,52,91,2,3012,91657
Bulandshahr,142,Uttar Pradesh,9,304321,972027,3793,127975,1807,1549,274,275,1,6332,34890
Aligarh,143,Uttar Pradesh,9,311298,942498,9974,136507,1755,16,814,128,35,6262,210949
Hathras,144,Uttar Pradesh,9,124447,417778,3985,84215,872,45,522,201,95,5274,78121
Mathura,145,Uttar Pradesh,9,214236,576556,24099,64681,1040,87,131,468,252,11360,12612
Agra,146,Uttar Pradesh,9,282788,1066798,18578,147937,1190,109,101,1189,424,14029,91453
Firozabad,147,Uttar Pradesh,9,164313,645558,6584,182510,531,12,152,285,161,6135,37831
Mainpuri,148,Uttar Pradesh,9,139639,592912,10754,266679,808,36,26,168,26,4343,41666
Budaun,149,Uttar Pradesh,9,279790,1107170,12837,176402,3228,73,70,78,4,8327,261876
Bareilly,150,Uttar Pradesh,9,234979,707609,3097,130533,4376,17,51,118,8,4695,175359
Pilibhit,151,Uttar Pradesh,9,160287,220378,603,46890,1152,0,0,16,1,3009,23760
Shahjahanpur,152,Uttar Pradesh,9,261143,605387,3005,113702,1901,5,0,24,5,4545,90381
Kheri,153,Uttar Pradesh,9,468608,836358,18664,486491,1637,58,12,25,0,4645,554985
Sitapur,154,Uttar Pradesh,9,470731,683373,4660,468528,571,26,56,46,3,3862,285081
Hardoi,155,Uttar Pradesh,9,419996,834750,17261,378278,2609,33,33,148,5,11540,71207
Unnao,156,Uttar Pradesh,9,324185,656492,14209,320399,984,7,37,96,2,6917,39660
Lucknow,157,Uttar Pradesh,9,214346,286650,805,160719,441,1,202,97,28,3576,89021
Rae Bareli,158,Uttar Pradesh,9,391858,463692,12060,277338,2231,195,59,24,0,22843,60257
Farrukhabad,159,Uttar Pradesh,9,114665,443701,7880,119358,851,85,17,105,181,3050,8593
Kannauj,160,Uttar Pradesh,9,234517,430954,8209,152089,394,13,213,72,9,1576,3563
Etawah,161,Uttar Pradesh,9,104777,383819,5116,243429,147,18,71,103,305,4029,61157
Auraiya,162,Uttar Pradesh,9,113174,376898,10151,258416,267,0,87,190,2,4414,32121
Kanpur Dehat,163,Uttar Pradesh,9,181231,602713,14243,420847,104,9,10,8,2,1970,24450
Kanpur Nagar,164,Uttar Pradesh,9,175266,494045,8616,292141,323,382,159,52,21,7464,564501
Jalaun,165,Uttar Pradesh,9,204198,357697,25462,322607,454,59,93,302,11,3543,12462
Jhansi,166,Uttar Pradesh,9,226789,306551,42297,260396,343,7,33,209,2,4002,27154
Lalitpur,167,Uttar Pradesh,9,364514,291743,3590,180189,132,1,9,6,2,521,23435
Hamirpur,168,Uttar Pradesh,9,141151,238510,12503,299330,450,7,55,234,2,3269,27505
Mahoba,169,Uttar Pradesh,9,138969,137867,14025,206066,232,0,253,78,0,5336,22039
Banda,170,Uttar Pradesh,9,255495,423768,9702,281392,723,101,442,404,38,5409,18488
Chitrakoot,171,Uttar Pradesh,9,267740,251688,19683,175973,286,125,23,255,18,4470,83176
Fatehpur,172,Uttar Pradesh,9,162813,647503,88677,438167,1770,31,158,268,7,12249,452302
Pratapgarh,173,Uttar Pradesh,9,604203,596075,9372,340666,2061,14,16,89,37,13192,122829
Kaushambi,174,Uttar Pradesh,9,176495,364403,20565,312771,1915,290,23,180,73,16312,48028
Allahabad,175,Uttar Pradesh,9,560456,817058,121374,261053,1661,60,151,75,227,13871,276347
Barabanki,176,Uttar Pradesh,9,324762,508830,400,229206,1241,29,48,60,3,5646,876003
Faizabad,177,Uttar Pradesh,9,274526,348161,8499,189303,375,8,50,25,0,4505,519963
Ambedkar Nagar,178,Uttar Pradesh,9,262839,343283,9410,164844,205,2,15,82,8,1487,266404
Sultanpur,179,Uttar Pradesh,9,359706,318785,20102,195700,467,19,144,37,44,2311,71997
Bahraich,180,Uttar Pradesh,9,343265,424265,15488,581585,1621,11,123,79,0,5126,176047
Shravasti,181,Uttar Pradesh,9,160042,174379,3110,111488,295,139,17,8,0,2598,11446
Balrampur,182,Uttar Pradesh,9,197746,226303,9136,270790,394,126,113,100,1,5301,101015
Gonda,183,Uttar Pradesh,9,378420,438171,14839,290621,564,40,528,34,1,6621,178460
Siddharth Nagar,184,Uttar Pradesh,9,97064,182952,4010,284526,90,5,83,4,0,1558,26601
Basti,185,Uttar Pradesh,9,125703,343799,8135,152497,70,9,1,9,8,455,59826
Sant Kabeer Nagar,186,Uttar Pradesh,9,84008,144691,2940,143081,208,21,0,0,6,1015,89727
Maharajganj,187,Uttar Pradesh,9,69102,180630,1870,252829,255,39,17,14,4,4435,78913
Gorakhpur,188,Uttar Pradesh,9,287431,253190,8601,173017,469,741,116,157,1,4507,367832
Kushi Nagar,189,Uttar Pradesh,9,165224,170194,1084,297917,515,22,217,15,1,3680,403843
Deoria,190,Uttar Pradesh,9,287843,190894,2198,255563,236,46,82,614,0,2006,216289
Azamgarh,191,Uttar Pradesh,9,460458,477563,10885,299653,139,15,128,318,4,6081,909676
Mau,192,Uttar Pradesh,9,173304,192711,3205,171962,140,35,302,834,5,3648,129400
Ballia,193,Uttar Pradesh,9,434902,249786,18560,157490,1125,206,795,3106,65,6762,156693
Jaunpur,194,Uttar Pradesh,9,536940,584454,27321,276543,126,20,13,110,7,9345,104083
Ghazipur,195,Uttar Pradesh,9,386272,505965,19171,151400,233,66,140,1038,0,2732,72684
Chandauli,196,Uttar Pradesh,9,338393,323117,17087,89091,104,90,112,292,6,3907,276404
Varanasi,197,Uttar Pradesh,9,306849,243685,9665,124528,48,4,109,55,3,1557,121652
Sant Ravidas Nagar,198,Uttar Pradesh,9,212465,156603,22209,47738,35,0,0,29,0,1064,30495
Mirzapur,199,Uttar Pradesh,9,511188,287582,71717,126877,342,30,113,1784,26,4869,265251
Sonbhadra,200,Uttar Pradesh,9,550069,148632,22718,240083,20,11,3,26,4,2226,153025
Etah,201,Uttar Pradesh,9,90184,593550,2200,98507,412,21,121,95,2,3319,37439
Kasganj,202,Uttar Pradesh,9,79666,527709,5629,84550,783,4,68,85,8,2045,5892
Amethi,663,Uttar Pradesh,9,315654,342664,8094,214207,1211,31,26,44,11,10855,673731
Hapur,672,Uttar Pradesh,9,102115,246786,959,30690,782,5,61,51,0,4686,11239
Sambhal,680,Uttar Pradesh,9,174913,710993,2040,84709,1751,93,34,41,3,3261,26848
Shamli,682,Uttar Pradesh,9,117891,253286,2842,21559,1310,23,121,36,12,5121,296426
Darjeeling,327,West Bengal,19,203881,6992,969,164834,123,72,1,32,0,57166,848610
Jalpaiguri,328,West Bengal,19,727592,5381,8169,512322,6,0,0,0,0,36680,1290753
Coochbehar,329,West Bengal,19,1226670,6397,63824,486974,173,23,0,2,0,7372,1917542
Dinajpur Uttar,330,West Bengal,19,1091590,12384,1521,885282,14,0,0,0,0,25809,2597607
Dinajpur Dakshin,331,West Bengal,19,532056,1920,6295,598137,6,0,0,3,0,41055,1880668
Maldah,332,West Bengal,19,1038763,38439,32919,1376487,53,7,0,8,0,70969,2982438
Murshidabad,333,West Bengal,19,1199817,66783,51415,1751276,274,14,3,6,34,8236,4864786
Birbhum,334,West Bengal,19,1185333,94938,159206,1168796,21,0,1,0,0,38374,4614872
Bardhaman,335,West Bengal,19,1532669,58942,135965,1370985,66,177,0,3,0,21327,7508347
Nadia,336,West Bengal,19,816780,17157,24669,924339,95,15,4,4,0,4923,3389479
24 Paraganas North,337,West Bengal,19,697601,34443,34356,780001,31,0,0,0,0,7241,6596548
Hooghly,338,West Bengal,19,912745,35229,1655,886410,8,3,0,0,0,16671,3597064
Bankura,339,West Bengal,19,1491831,64427,71889,1064468,36,3,0,3,9,20648,5372542
Purulia,340,West Bengal,19,915274,77650,186925,966681,14,0,0,5,0,30510,4101529
Howrah,341,West Bengal,19,226388,5724,237,157017,2,1,0,1,0,362,1376937
Kolkata,342,West Bengal,19,1003,459,93,3625,0,0,0,1,0,335,29728
24 Paraganas South,343,West Bengal,19,1019495,11709,82258,791587,266,5,16,1,0,7348,9271700
Medinipur West,344,West Bengal,19,1758443,37649,18172,872869,20,8,0,12,0,25438,5222355
Medinipur East,345,West Bengal,19,1093499,263,5948,475230,17,0,1,12,0,1891,4295172
Alipurduar,662,West Bengal,19,520443,2209,7476,281764,10,3,0,0,2,58991,1307902
PASCHIM BARDHAMAN,830,West Bengal,19,273637,22682,6498,256143,0,18,0,1,0,16635,653934
KALIMPONG,831,West Bengal,19,48915,129,82,64109,7,0,0,0,0,13208,321093
Jhargram,832,West Bengal,19,563491,29015,52345,440004,2,0,0,0,0,29167,3280996
